data size; Heap time [ns];
1000;1363
1000;1214
1000;1204
1000;1127
1000;1134
1000;1131
1000;1270
1000;1305
1000;1159
1000;1146
2000;2479
2000;2535
2000;2731
2000;2473
2000;2528
2000;2505
2000;2489
2000;2479
2000;2477
2000;2470
3000;3876
3000;3872
3000;3872
3000;3885
3000;4011
3000;4070
3000;3960
3000;5243
3000;3985
3000;3896
4000;5887
4000;7479
4000;7616
4000;7481
4000;7582
4000;5411
4000;5392
4000;5448
4000;5614
4000;5585
5000;7233
5000;7286
5000;7400
5000;8245
5000;7828
5000;7254
5000;7056
5000;7498
5000;6985
5000;7166
6000;8684
6000;8483
6000;9420
6000;8622
6000;8455
6000;10022
6000;14717
6000;12119
6000;10883
6000;11696
7000;15950
7000;11531
7000;12877
7000;11624
7000;10345
7000;11082
7000;11566
7000;14459
7000;20795
7000;12609
8000;17857
8000;17726
8000;15361
8000;19192
8000;19941
8000;18016
8000;15584
8000;13803
8000;12536
8000;12361
9000;16900
9000;15687
9000;16715
9000;20872
9000;20712
9000;18354
9000;20488
9000;15532
9000;17794
9000;17991
10000;16334
10000;22163
10000;24857
10000;21743
10000;24069
10000;16322
10000;15783
10000;17277
10000;15695
10000;15383
11000;16922
11000;16785
11000;16950
11000;17107
11000;16575
11000;16433
11000;17367
11000;17172
11000;16993
11000;17187
12000;17993
12000;19584
12000;19023
12000;18679
12000;18412
12000;18680
12000;18959
12000;19316
12000;19267
12000;18592
13000;19779
13000;19871
13000;20080
13000;19753
13000;19601
13000;20976
13000;19939
13000;20472
13000;20179
13000;20127
14000;22507
14000;21931
14000;21639
14000;21629
14000;21093
14000;22030
14000;21625
14000;21662
14000;21761
14000;21872
15000;23623
15000;24042
15000;23797
15000;23494
15000;23056
15000;22801
15000;23261
15000;23334
15000;23814
15000;23272
16000;25104
16000;25141
16000;24781
16000;25208
16000;25075
16000;24976
16000;25000
16000;24568
16000;28021
16000;25138
17000;26764
17000;26340
17000;26616
17000;26552
17000;26799
17000;27072
17000;27156
17000;26821
17000;26059
17000;26313
18000;29489
18000;28757
18000;29052
18000;28988
18000;28940
18000;28740
18000;29740
18000;28201
18000;29681
18000;28994
19000;30325
19000;30321
19000;30624
19000;30510
19000;30742
19000;34179
19000;29892
19000;31430
19000;30345
19000;32596
20000;34672
20000;34201
20000;34043
20000;33453
20000;31623
20000;31826
20000;32794
20000;33145
20000;32423
20000;31795
21000;33697
21000;34460
21000;34114
21000;33106
21000;33813
21000;34098
21000;34241
21000;33742
21000;33456
21000;34816
22000;35961
22000;35764
22000;37697
22000;35711
22000;36428
22000;34843
22000;34796
22000;36361
22000;35255
22000;36270
23000;37403
23000;37636
23000;37747
23000;38788
23000;38412
23000;36571
23000;37390
23000;38351
23000;38384
23000;37422
24000;39340
24000;39276
24000;40688
24000;39420
24000;40599
24000;39558
24000;39022
24000;39444
24000;38618
24000;38522
25000;42125
25000;40958
25000;42265
25000;41966
25000;41436
25000;41381
25000;41439
25000;41694
25000;41609
25000;39928
26000;42024
26000;43660
26000;43489
26000;44792
26000;43194
26000;43662
26000;42976
26000;42696
26000;45151
26000;43351
27000;46111
27000;51661
27000;44631
27000;45726
27000;45293
27000;44961
27000;43831
27000;44848
27000;44700
27000;46145
28000;46374
28000;46321
28000;46340
28000;45813
28000;46240
28000;48987
28000;46878
28000;46364
28000;46441
28000;47864
29000;48873
29000;49114
29000;47928
29000;48993
29000;48510
29000;47861
29000;48496
29000;49259
29000;47328
29000;47553
30000;56704
30000;51385
30000;50950
30000;52510
30000;50347
30000;50187
30000;50729
30000;50175
30000;51654
30000;51144
31000;51263
31000;50673
31000;53728
31000;51603
31000;50454
31000;53208
31000;51528
31000;50849
31000;51929
31000;51996
32000;53690
32000;55010
32000;54255
32000;53811
32000;54023
32000;53503
32000;54709
32000;54036
32000;52705
32000;53604
33000;56063
33000;55635
33000;55828
33000;56352
33000;55184
33000;55453
33000;55748
33000;61236
33000;56272
33000;58531
34000;57445
34000;59158
34000;57949
34000;59041
34000;57958
34000;57613
34000;57253
34000;57790
34000;57056
34000;56914
35000;59817
35000;59888
35000;60622
35000;58654
35000;59410
35000;59947
35000;59585
35000;59541
35000;60047
35000;59603
36000;60619
36000;60549
36000;63286
36000;60847
36000;62561
36000;63524
36000;63887
36000;62176
36000;63121
36000;62241
37000;64535
37000;62507
37000;62055
37000;62779
37000;67361
37000;66006
37000;62827
37000;64824
37000;63097
37000;65692
38000;68276
38000;67693
38000;75620
38000;69092
38000;71587
38000;72170
38000;69643
38000;77533
38000;66636
38000;67145
39000;73595
39000;67179
39000;72874
39000;71216
39000;69513
39000;65643
39000;67828
39000;76660
39000;78832
39000;77461
40000;71333
40000;70297
40000;69153
40000;68947
40000;70905
40000;79123
40000;71102
40000;72500
40000;78885
40000;70860
41000;88415
41000;74558
41000;70125
41000;73370
41000;70580
41000;70850
41000;75835
41000;69820
41000;76109
41000;76339
42000;75943
42000;73239
42000;72026
42000;73670
42000;74349
42000;73599
42000;74051
42000;73261
42000;81074
42000;83707
43000;77831
43000;81869
43000;76716
43000;75719
43000;73653
43000;74430
43000;78146
43000;78763
43000;76738
43000;75407
44000;84194
44000;85566
44000;79469
44000;81462
44000;82636
44000;79583
44000;76089
44000;77732
44000;83686
44000;92018
45000;83219
45000;79619
45000;81454
45000;80787
45000;77957
45000;80209
45000;101763
45000;101507
45000;99927
45000;89040
46000;82331
46000;95555
46000;86947
46000;90808
46000;81472
46000;84513
46000;93663
46000;103166
46000;92370
46000;87750
47000;83752
47000;88813
47000;86748
47000;90089
47000;87483
47000;86082
47000;94703
47000;104434
47000;119260
47000;125919
48000;96963
48000;96029
48000;89841
48000;85209
48000;84497
48000;86019
48000;92927
48000;86499
48000;96608
48000;106498
49000;104263
49000;105829
49000;101361
49000;110167
49000;93768
49000;103006
49000;91114
49000;93852
49000;86122
49000;108541
50000;99235
50000;116842
50000;125957
50000;138822
50000;104853
50000;112967
50000;126755
50000;114879
50000;104965
50000;106347
51000;106729
51000;100887
51000;93313
51000;96784
51000;95885
51000;98439
51000;92186
51000;99254
51000;94771
51000;99130
52000;104018
52000;105494
52000;101006
52000;103035
52000;97432
52000;105181
52000;105957
52000;102822
52000;115120
52000;107560
53000;117003
53000;104436
53000;102123
53000;101711
53000;98745
53000;124544
53000;100230
53000;103673
53000;97863
53000;102086
54000;104424
54000;105887
54000;101323
54000;105815
54000;102547
54000;103314
54000;93796
54000;96734
54000;98425
54000;106026
55000;105582
55000;102610
55000;102220
55000;102517
55000;99480
55000;102735
55000;107528
55000;101830
55000;106394
55000;101164
56000;106298
56000;119220
56000;101222
56000;107048
56000;116677
56000;116241
56000;106813
56000;113960
56000;132238
56000;117310
57000;147420
57000;130867
57000;106827
57000;113217
57000;107113
57000;109342
57000;106574
57000;114233
57000;107099
57000;101512
58000;114186
58000;111797
58000;114601
58000;128231
58000;129755
58000;110379
58000;111976
58000;111181
58000;110064
58000;108645
59000;107273
59000;107664
59000;110393
59000;122274
59000;105060
59000;111733
59000;107075
59000;110628
59000;106373
59000;109907
60000;113130
60000;120772
60000;112044
60000;116727
60000;120184
60000;113697
60000;109055
60000;114932
60000;109345
60000;107226
61000;122022
61000;112313
61000;113589
61000;111288
61000;113099
61000;114141
61000;117646
61000;118122
61000;117606
61000;111901
62000;120559
62000;116877
62000;117518
62000;121329
62000;111970
62000;112318
62000;113480
62000;116378
62000;117256
62000;114457
63000;116547
63000;120143
63000;118769
63000;121016
63000;115449
63000;116423
63000;115677
63000;114399
63000;114103
63000;114930
64000;117209
64000;119317
64000;118512
64000;119092
64000;115749
64000;118906
64000;124177
64000;120800
64000;125096
64000;118379
65000;124044
65000;120750
65000;126330
65000;126108
65000;140107
65000;120886
65000;118813
65000;121472
65000;117851
65000;117152
66000;121489
66000;123466
66000;127473
66000;165978
66000;124270
66000;122252
66000;129950
66000;121166
66000;122495
66000;119873
67000;124307
67000;123417
67000;121372
67000;121750
67000;119430
67000;122747
67000;122114
67000;124543
67000;125621
67000;125030
68000;123928
68000;131468
68000;122692
68000;122033
68000;124784
68000;122628
68000;130431
68000;124494
68000;123369
68000;125125
69000;127894
69000;129065
69000;125058
69000;127797
69000;130965
69000;125709
69000;125886
69000;124524
69000;125235
69000;134046
70000;126872
70000;126609
70000;133353
70000;127538
70000;130273
70000;130777
70000;130260
70000;131632
70000;130001
70000;131379
71000;135448
71000;128980
71000;132688
71000;133328
71000;127971
71000;135903
71000;134456
71000;134105
71000;132239
71000;133761
72000;135427
72000;131049
72000;135237
72000;134768
72000;134061
72000;135364
72000;132751
72000;130904
72000;138140
72000;135516
73000;139023
73000;139657
73000;138071
73000;143067
73000;139393
73000;132644
73000;136843
73000;142462
73000;137338
73000;134234
74000;140954
74000;137855
74000;145086
74000;134441
74000;139367
74000;138937
74000;136958
74000;138434
74000;141449
74000;140193
75000;140542
75000;139742
75000;143917
75000;153935
75000;143066
75000;138460
75000;143847
75000;139258
75000;140599
75000;137536
76000;140169
76000;141387
76000;141155
76000;143100
76000;143479
76000;145860
76000;138205
76000;145098
76000;143567
76000;140005
77000;142912
77000;145075
77000;152460
77000;146528
77000;144485
77000;143430
77000;146988
77000;147961
77000;151550
77000;146334
78000;148255
78000;149280
78000;146679
78000;142322
78000;151160
78000;145012
78000;148584
78000;151687
78000;142603
78000;150837
79000;156312
79000;156736
79000;155268
79000;152915
79000;158675
79000;156322
79000;148886
79000;146130
79000;154376
79000;152074
80000;154142
80000;153321
80000;155418
80000;155934
80000;155073
80000;150693
80000;148284
80000;154296
80000;150584
80000;156738
81000;160821
81000;160633
81000;162978
81000;159427
81000;155986
81000;148492
81000;156639
81000;156365
81000;156585
81000;165005
82000;154061
82000;160686
82000;155991
82000;165218
82000;160989
82000;151891
82000;164011
82000;162483
82000;160567
82000;162525
83000;160796
83000;162099
83000;165652
83000;159181
83000;164090
83000;161530
83000;161261
83000;163769
83000;163945
83000;154684
84000;163923
84000;154221
84000;164440
84000;154611
84000;157431
84000;162297
84000;159970
84000;158036
84000;165562
84000;155414
85000;166234
85000;158210
85000;163954
85000;168789
85000;168494
85000;161032
85000;160822
85000;157577
85000;165859
85000;167915
86000;170471
86000;163212
86000;167021
86000;160519
86000;164640
86000;167520
86000;162609
86000;162906
86000;169956
86000;168173
87000;171307
87000;169346
87000;169661
87000;160068
87000;171814
87000;171423
87000;165845
87000;164150
87000;169964
87000;168177
88000;171547
88000;166607
88000;171887
88000;168420
88000;171129
88000;168032
88000;165454
88000;162299
88000;167983
88000;170331
89000;170462
89000;178032
89000;175252
89000;182190
89000;175812
89000;165101
89000;174977
89000;168615
89000;174786
89000;177697
90000;167574
90000;172085
90000;178918
90000;174911
90000;179304
90000;170051
90000;177295
90000;178275
90000;178673
90000;181258
91000;186924
91000;172146
91000;175096
91000;175476
91000;182295
91000;180185
91000;182905
91000;176913
91000;169686
91000;169594
92000;180666
92000;184276
92000;178440
92000;178653
92000;180729
92000;176118
92000;183856
92000;182324
92000;177236
92000;181249
93000;176313
93000;183085
93000;181037
93000;183594
93000;184685
93000;180206
93000;187891
93000;185851
93000;184450
93000;189206
94000;176103
94000;192070
94000;183290
94000;176763
94000;180109
94000;184408
94000;185766
94000;189012
94000;194804
94000;184628
95000;204228
95000;189252
95000;195590
95000;191819
95000;197485
95000;183926
95000;190534
95000;187089
95000;191832
95000;181567
96000;195118
96000;197066
96000;189851
96000;194389
96000;194107
96000;187871
96000;196985
96000;201448
96000;192183
96000;193297
97000;194655
97000;194367
97000;181302
97000;185402
97000;184656
97000;185632
97000;193521
97000;196500
97000;187316
97000;180622
98000;187604
98000;199476
98000;194013
98000;186194
98000;203596
98000;201486
98000;191969
98000;190708
98000;184853
98000;197694
99000;199468
99000;199875
99000;193169
99000;187919
99000;201294
99000;200860
99000;186940
99000;200904
99000;210863
99000;206103
100000;201923
100000;206894
100000;201819
100000;197015
100000;199483
100000;190294
100000;196494
100000;222990
100000;196635
100000;201949
101000;212091
101000;207637
101000;208455
101000;202751
101000;204465
101000;195606
101000;203463
101000;189278
101000;202872
101000;209372
102000;205870
102000;206999
102000;208301
102000;194304
102000;204690
102000;205530
102000;206384
102000;210413
102000;203260
102000;207334
103000;209471
103000;212800
103000;207729
103000;201725
103000;207137
103000;213369
103000;198169
103000;217035
103000;210071
103000;208756
104000;200075
104000;208100
104000;210509
104000;209517
104000;208493
104000;213080
104000;215099
104000;213171
104000;200461
104000;210748
105000;211413
105000;210596
105000;202091
105000;212008
105000;211400
105000;213963
105000;204959
105000;211211
105000;214773
105000;210852
106000;214800
106000;202141
106000;206546
106000;213918
106000;216158
106000;216481
106000;205870
106000;210352
106000;212889
106000;219634
107000;219381
107000;212913
107000;217696
107000;218250
107000;204679
107000;217050
107000;214759
107000;213447
107000;243193
107000;212743
108000;216223
108000;223180
108000;216032
108000;220741
108000;215215
108000;227950
108000;215461
108000;212809
108000;220864
108000;220787
109000;211676
109000;221975
109000;217006
109000;222849
109000;224792
109000;226424
109000;223691
109000;226182
109000;223412
109000;222470
110000;227623
110000;227118
110000;229483
110000;225022
110000;225253
110000;219253
110000;229156
110000;214239
110000;231727
110000;223835
111000;234529
111000;230769
111000;210577
111000;227133
111000;220208
111000;226850
111000;229396
111000;227820
111000;210232
111000;213433
112000;221613
112000;234247
112000;233692
112000;228747
112000;219431
112000;228103
112000;233699
112000;230776
112000;217108
112000;230419
113000;237585
113000;235264
113000;227821
113000;231560
113000;227542
113000;215861
113000;233526
113000;224624
113000;228458
113000;232805
114000;233036
114000;229424
114000;227768
114000;232167
114000;229177
114000;231918
114000;238223
114000;219122
114000;229144
114000;235057
115000;227888
115000;239319
115000;237563
115000;237371
115000;230341
115000;229972
115000;233824
115000;238047
115000;239588
115000;236530
116000;235248
116000;236515
116000;227390
116000;242595
116000;239832
116000;234085
116000;223148
116000;229435
116000;240390
116000;243674
117000;241103
117000;231477
117000;244409
117000;231330
117000;240358
117000;243837
117000;233755
117000;229347
117000;243792
117000;234250
118000;240871
118000;243312
118000;234892
118000;239951
118000;228871
118000;245472
118000;243635
118000;232399
118000;245908
118000;237061
119000;243990
119000;250176
119000;242220
119000;234759
119000;245041
119000;236476
119000;244389
119000;244221
119000;246862
119000;242945
120000;250130
120000;243344
120000;252649
120000;249999
120000;228733
120000;233553
120000;248348
120000;230126
120000;247450
120000;247164
121000;251016
121000;252347
121000;243505
121000;247508
121000;234415
121000;248360
121000;249162
121000;253969
121000;259674
121000;252674
122000;256767
122000;256684
122000;254155
122000;247093
122000;242871
122000;251256
122000;243760
122000;248040
122000;234414
122000;243160
123000;256916
123000;245700
123000;257620
123000;254154
123000;262485
123000;252653
123000;255459
123000;239240
123000;249419
123000;246730
124000;255952
124000;240969
124000;258774
124000;261484
124000;248985
124000;254112
124000;252858
124000;261649
124000;253845
124000;259045
125000;265031
125000;261463
125000;266531
125000;249975
125000;242988
125000;260517
125000;251185
125000;242587
125000;261618
125000;255718
126000;260228
126000;261562
126000;251026
126000;264032
126000;251063
126000;252863
126000;262250
126000;249886
126000;247640
126000;261743
127000;268298
127000;262438
127000;266690
127000;261749
127000;260485
127000;261953
127000;262030
127000;266959
127000;261040
127000;260403
128000;263452
128000;249879
128000;265756
128000;260939
128000;269711
128000;269385
128000;251235
128000;257139
128000;270372
128000;258460
129000;268396
129000;266521
129000;258135
129000;271387
129000;271182
129000;273274
129000;267729
129000;267912
129000;267894
129000;274574
130000;254224
130000;267695
130000;268494
130000;262867
130000;252181
130000;260536
130000;254327
130000;260654
130000;270634
130000;271851
131000;252862
131000;274109
131000;266627
131000;273378
131000;265478
131000;272202
131000;272137
131000;265494
131000;271751
131000;272489
132000;276013
132000;278495
132000;271753
132000;282330
132000;269823
132000;275599
132000;267011
132000;276775
132000;277382
132000;273536
133000;263561
133000;277878
133000;278235
133000;277792
133000;272375
133000;260472
133000;281438
133000;273388
133000;310096
133000;280812
134000;299537
134000;299341
134000;306646
134000;276991
134000;261785
134000;268675
134000;280843
134000;264413
134000;287925
134000;279516
135000;278269
135000;278487
135000;279347
135000;281131
135000;283716
135000;284104
135000;285167
135000;282144
135000;268778
135000;266943
136000;285680
136000;286062
136000;270361
136000;286427
136000;286227
136000;287203
136000;284500
136000;287919
136000;267550
136000;266102
137000;273521
137000;290367
137000;277843
137000;290938
137000;269231
137000;274502
137000;280251
137000;288784
137000;280330
137000;288212
138000;282009
138000;292823
138000;302530
138000;272628
138000;289328
138000;280796
138000;289803
138000;288450
138000;281333
138000;292356
139000;277636
139000;281804
139000;289172
139000;271271
139000;276811
139000;296546
139000;288583
139000;282027
139000;279335
139000;297084
140000;295629
140000;294468
140000;286541
140000;272891
140000;282019
140000;295037
140000;288052
140000;281070
140000;296037
140000;295446
141000;292395
141000;278430
141000;281370
141000;280940
141000;311419
141000;294805
141000;300509
141000;294581
141000;297976
141000;297788
142000;285114
142000;282808
142000;304442
142000;281552
142000;293694
142000;301345
142000;303629
142000;291125
142000;300716
142000;278424
143000;285162
143000;299839
143000;303080
143000;300730
143000;304380
143000;295366
143000;296555
143000;291550
143000;299161
143000;293775
144000;303812
144000;310070
144000;300324
144000;288053
144000;314679
144000;300991
144000;287141
144000;295852
144000;299854
144000;309815
145000;307034
145000;290992
145000;295869
145000;309322
145000;292665
145000;305995
145000;293571
145000;307317
145000;305488
145000;307139
146000;305196
146000;308591
146000;297278
146000;303140
146000;308909
146000;306176
146000;313712
146000;310254
146000;301199
146000;307958
147000;309052
147000;295912
147000;315519
147000;304688
147000;305603
147000;298894
147000;310206
147000;313067
147000;301350
147000;299379
148000;308486
148000;312507
148000;315058
148000;321349
148000;316032
148000;311632
148000;313148
148000;293501
148000;315537
148000;315178
149000;310845
149000;323946
149000;312120
149000;319531
149000;311620
149000;319368
149000;319201
149000;298907
149000;318054
149000;315541
150000;319170
150000;353080
150000;317133
150000;305106
150000;315905
150000;298015
150000;324702
150000;304719
150000;316188
150000;321258
151000;320373
151000;316559
151000;300120
151000;311454
151000;310135
151000;319909
151000;316203
151000;319616
151000;319687
151000;315720
152000;315198
152000;306009
152000;321720
152000;317187
152000;305803
152000;329853
152000;322992
152000;321805
152000;316392
152000;328599
153000;318972
153000;316647
153000;312747
153000;335211
153000;307109
153000;304096
153000;320129
153000;316095
153000;324910
153000;321723
154000;327503
154000;320867
154000;333397
154000;320277
154000;326510
154000;327673
154000;310759
154000;318031
154000;331729
154000;332884
155000;326791
155000;320639
155000;321273
155000;333742
155000;308265
155000;318274
155000;306602
155000;306214
155000;325374
155000;311191
156000;323043
156000;324059
156000;317162
156000;339083
156000;330919
156000;335888
156000;333627
156000;310091
156000;332028
156000;320310
157000;327120
157000;332338
157000;318882
157000;369112
157000;367281
157000;318771
157000;321134
157000;318251
157000;333653
157000;332398
158000;348098
158000;326385
158000;339283
158000;329071
158000;345477
158000;317564
158000;341573
158000;336584
158000;336694
158000;366071
159000;346799
159000;327128
159000;341905
159000;327635
159000;339542
159000;325442
159000;342683
159000;388248
159000;388159
159000;368996
160000;349206
160000;318766
160000;350707
160000;339348
160000;343150
160000;320551
160000;328119
160000;331993
160000;335537
160000;353945
161000;344220
161000;337632
161000;351761
161000;350338
161000;341401
161000;343391
161000;321375
161000;342821
161000;341927
161000;328249
162000;342584
162000;326157
162000;323436
162000;346910
162000;350292
162000;330091
162000;329932
162000;351363
162000;345507
162000;342160
163000;352781
163000;333237
163000;357872
163000;355315
163000;347109
163000;339632
163000;354611
163000;338378
163000;346798
163000;348925
164000;353653
164000;357068
164000;355942
164000;344611
164000;340469
164000;358959
164000;346928
164000;323808
164000;356699
164000;331580
165000;361219
165000;349746
165000;353796
165000;353954
165000;366287
165000;344106
165000;376010
165000;361068
165000;355188
165000;340711
166000;361835
166000;349761
166000;354988
166000;335722
166000;340406
166000;351672
166000;347385
166000;358551
166000;349245
166000;344422
167000;340763
167000;341145
167000;345471
167000;380372
167000;366967
167000;344405
167000;332872
167000;363356
167000;368606
167000;367692
168000;367412
168000;347993
168000;358286
168000;346086
168000;355316
168000;360940
168000;340308
168000;364119
168000;367918
168000;350318
169000;353252
169000;358186
169000;344990
169000;345893
169000;360322
169000;366785
169000;378343
169000;347779
169000;356466
169000;368437
170000;367256
170000;358063
170000;374546
170000;360291
170000;354819
170000;369360
170000;358239
170000;368338
170000;340709
170000;371450
171000;369398
171000;374599
171000;340834
171000;361491
171000;361568
171000;344402
171000;373910
171000;376818
171000;374906
171000;359874
172000;367182
172000;368104
172000;359680
172000;365646
172000;370359
172000;366646
172000;344675
172000;350971
172000;372711
172000;374360
173000;366479
173000;374384
173000;374118
173000;361044
173000;379490
173000;358190
173000;384479
173000;378141
173000;378829
173000;348565
174000;381326
174000;405064
174000;371789
174000;377324
174000;382763
174000;371513
174000;366900
174000;378972
174000;365454
174000;375278
175000;381862
175000;383566
175000;363339
175000;385616
175000;359061
175000;357429
175000;360128
175000;349965
175000;384812
175000;353084
176000;381755
176000;381655
176000;385769
176000;357014
176000;383486
176000;383069
176000;384258
176000;388469
176000;375474
176000;373587
177000;390966
177000;381705
177000;388758
177000;389494
177000;384407
177000;369497
177000;385396
177000;364883
177000;372316
177000;371977
178000;369047
178000;388565
178000;389619
178000;388550
178000;355647
178000;375968
178000;379327
178000;386914
178000;362429
178000;372967
179000;388106
179000;390125
179000;387872
179000;362502
179000;392623
179000;369081
179000;390025
179000;373251
179000;376738
179000;385432
180000;378225
180000;400823
180000;377472
180000;367270
180000;397178
180000;397806
180000;381508
180000;369863
180000;404702
180000;391543
181000;408491
181000;404223
181000;379759
181000;395637
181000;367957
181000;385235
181000;398528
181000;401052
181000;394963
181000;377117
182000;387301
182000;405471
182000;401938
182000;387215
182000;401689
182000;397881
182000;396339
182000;405579
182000;384612
182000;383929
183000;386865
183000;402306
183000;382210
183000;388945
183000;375245
183000;377923
183000;399174
183000;384795
183000;393129
183000;407822
184000;401115
184000;411313
184000;372649
184000;406980
184000;378340
184000;393034
184000;392929
184000;390094
184000;403901
184000;387019
185000;383073
185000;406062
185000;388307
185000;393520
185000;393771
185000;389915
185000;406553
185000;412041
185000;408456
185000;406563
186000;386686
186000;411934
186000;410488
186000;378239
186000;415701
186000;397190
186000;387340
186000;408110
186000;394968
186000;398435
187000;382998
187000;410926
187000;411904
187000;415626
187000;400108
187000;398093
187000;405762
187000;389809
187000;390892
187000;390471
188000;401991
188000;416502
188000;381570
188000;402148
188000;385053
188000;402726
188000;412003
188000;413995
188000;389155
188000;415803
189000;400158
189000;409296
189000;413254
189000;400634
189000;394192
189000;382077
189000;417587
189000;421604
189000;411892
189000;398123
190000;412601
190000;420578
190000;411562
190000;413330
190000;402463
190000;421836
190000;395390
190000;401081
190000;409401
190000;415924
191000;418824
191000;428252
191000;412499
191000;426488
191000;421109
191000;432736
191000;415462
191000;413742
191000;413963
191000;426602
192000;421610
192000;430114
192000;423670
192000;426090
192000;426943
192000;412404
192000;417567
192000;424297
192000;397869
192000;399054
193000;430347
193000;393453
193000;404338
193000;403449
193000;435737
193000;427886
193000;433193
193000;411762
193000;428653
193000;443929
194000;426062
194000;407272
194000;394018
194000;410565
194000;435393
194000;430783
194000;450994
194000;425802
194000;424669
194000;410319
195000;403833
195000;420758
195000;434020
195000;396253
195000;421497
195000;438282
195000;437891
195000;422842
195000;415317
195000;433067
196000;423651
196000;424725
196000;426402
196000;439589
196000;416018
196000;408252
196000;438964
196000;402696
196000;440395
196000;448488
197000;435328
197000;401779
197000;429225
197000;439986
197000;446516
197000;448103
197000;437314
197000;433536
197000;440266
197000;430205
198000;437264
198000;416583
198000;420084
198000;449299
198000;424619
198000;430378
198000;408650
198000;433051
198000;406246
198000;418917
199000;420345
199000;431176
199000;417043
199000;436849
199000;451317
199000;429413
199000;447506
199000;438096
199000;447747
199000;447103
200000;430023
200000;428978
200000;424498
200000;446476
200000;438321
200000;459491
200000;433877
200000;445901
200000;463022
200000;454975
201000;449545
201000;451404
201000;424139
201000;449022
201000;425194
201000;447775
201000;425527
201000;449487
201000;454949
201000;428191
202000;443201
202000;452818
202000;463600
202000;435156
202000;452411
202000;435416
202000;434560
202000;445849
202000;441504
202000;430897
203000;458448
203000;434992
203000;451465
203000;443774
203000;450784
203000;458835
203000;447992
203000;421473
203000;441956
203000;459272
204000;449176
204000;472305
204000;468914
204000;463360
204000;462131
204000;453513
204000;460510
204000;436506
204000;430412
204000;457770
205000;452683
205000;431368
205000;451839
205000;462226
205000;460616
205000;445481
205000;436912
205000;458271
205000;433160
205000;436511
206000;457916
206000;449382
206000;455818
206000;447532
206000;454737
206000;438127
206000;455741
206000;442928
206000;444147
206000;451909
207000;442937
207000;451379
207000;468635
207000;447279
207000;454096
207000;433389
207000;464164
207000;455056
207000;465828
207000;456754
208000;480572
208000;459211
208000;454097
208000;472454
208000;452782
208000;454925
208000;452563
208000;467741
208000;468225
208000;443893
209000;459776
209000;478457
209000;438067
209000;470666
209000;468719
209000;471269
209000;451819
209000;437683
209000;483298
209000;471171
210000;451082
210000;459345
210000;464737
210000;452878
210000;442758
210000;462059
210000;446615
210000;468717
210000;466874
210000;460168
211000;488698
211000;462626
211000;478020
211000;442629
211000;455104
211000;463836
211000;484790
211000;487370
211000;457686
211000;480291
212000;462070
212000;475791
212000;444126
212000;483646
212000;483355
212000;463436
212000;452904
212000;474636
212000;484305
212000;481550
213000;508921
213000;470577
213000;465475
213000;482221
213000;482092
213000;444196
213000;464477
213000;454120
213000;470468
213000;470629
214000;467980
214000;445582
214000;464305
214000;470707
214000;487990
214000;479728
214000;484453
214000;513165
214000;514166
214000;477979
215000;471478
215000;461764
215000;483835
215000;467319
215000;482207
215000;501846
215000;481255
215000;503177
215000;485530
215000;491204
216000;500961
216000;472058
216000;470740
216000;466637
216000;520441
216000;468973
216000;491235
216000;499850
216000;520566
216000;504223
217000;498601
217000;473232
217000;473985
217000;448418
217000;464018
217000;467274
217000;472220
217000;502169
217000;487610
217000;454382
218000;493438
218000;471350
218000;475397
218000;463375
218000;501018
218000;526929
218000;496006
218000;489694
218000;493896
218000;481682
219000;495996
219000;489409
219000;494150
219000;488664
219000;478084
219000;480311
219000;486318
219000;478343
219000;489833
219000;494438
220000;511473
220000;541136
220000;461459
220000;501674
220000;469766
220000;490293
220000;478075
220000;493539
220000;489582
220000;517982
221000;489857
221000;506993
221000;488830
221000;497298
221000;508855
221000;517917
221000;487579
221000;488582
221000;475738
221000;471219
222000;498160
222000;503706
222000;507677
222000;487635
222000;506172
222000;468532
222000;466730
222000;496664
222000;489673
222000;492102
223000;508503
223000;509799
223000;473623
223000;501133
223000;496167
223000;508999
223000;500985
223000;507860
223000;505394
223000;508517
224000;511495
224000;509683
224000;512112
224000;515686
224000;506056
224000;517822
224000;483176
224000;500559
224000;496029
224000;506250
225000;491442
225000;506324
225000;521651
225000;503401
225000;490371
225000;488927
225000;504297
225000;490202
225000;516088
225000;502123
226000;505125
226000;514157
226000;508378
226000;494397
226000;509786
226000;523580
226000;511898
226000;538617
226000;502114
226000;487502
227000;505599
227000;493814
227000;543396
227000;506543
227000;519413
227000;503344
227000;508041
227000;520738
227000;492921
227000;526197
228000;514089
228000;528328
228000;517402
228000;529318
228000;522456
228000;490395
228000;487583
228000;484641
228000;492135
228000;533764
229000;515428
229000;505725
229000;499683
229000;512545
229000;505865
229000;490131
229000;551098
229000;522182
229000;518723
229000;526142
230000;495053
230000;523814
230000;509187
230000;510055
230000;527446
230000;540759
230000;526681
230000;489921
230000;527917
230000;528171
231000;518253
231000;539380
231000;513595
231000;487887
231000;557148
231000;530723
231000;507388
231000;539841
231000;493228
231000;519450
232000;509692
232000;532769
232000;529437
232000;501349
232000;551431
232000;492988
232000;525179
232000;535739
232000;589228
232000;650206
233000;600796
233000;500879
233000;503219
233000;539804
233000;544204
233000;542210
233000;539038
233000;515732
233000;513750
233000;537145
234000;537618
234000;499944
234000;541356
234000;509355
234000;517675
234000;508097
234000;521704
234000;546136
234000;533592
234000;536022
235000;530105
235000;515751
235000;533546
235000;531348
235000;509930
235000;520123
235000;530255
235000;517163
235000;533655
235000;526328
236000;530293
236000;544926
236000;562309
236000;538395
236000;500346
236000;540137
236000;510774
236000;543182
236000;533477
236000;585075
237000;559292
237000;526713
237000;538933
237000;561241
237000;557444
237000;541214
237000;543086
237000;541401
237000;549290
237000;572423
238000;525330
238000;527303
238000;538134
238000;549563
238000;562932
238000;536411
238000;553330
238000;527425
238000;536803
238000;511523
239000;531206
239000;537834
239000;518102
239000;553373
239000;528821
239000;547181
239000;529126
239000;522495
239000;521690
239000;548852
240000;519782
240000;542538
240000;558371
240000;503450
240000;548241
240000;530438
240000;549460
240000;520699
240000;553820
240000;537774
241000;556867
241000;554410
241000;552631
241000;563692
241000;542384
241000;555828
241000;523927
241000;558601
241000;508112
241000;556216
242000;517224
242000;553230
242000;553855
242000;530143
242000;560008
242000;538761
242000;544695
242000;521662
242000;549048
242000;523327
243000;508360
243000;554493
243000;562402
243000;525780
243000;557871
243000;519757
243000;539341
243000;527497
243000;538812
243000;549108
244000;562699
244000;535462
244000;529301
244000;551631
244000;537839
244000;536333
244000;541785
244000;547489
244000;551001
244000;565009
245000;549266
245000;568573
245000;547015
245000;561175
245000;560824
245000;565515
245000;534929
245000;557006
245000;569915
245000;550394
246000;564151
246000;595649
246000;570506
246000;570861
246000;556533
246000;557337
246000;601294
246000;563050
246000;581045
246000;565809
247000;569790
247000;558150
247000;580379
247000;560075
247000;609577
247000;572671
247000;582058
247000;583311
247000;589974
247000;584551
248000;573855
248000;541211
248000;572235
248000;575794
248000;571536
248000;558896
248000;579583
248000;572360
248000;552072
248000;577348
249000;583623
249000;568926
249000;580539
249000;580853
249000;562934
249000;571241
249000;552834
249000;540209
249000;532788
249000;565487
250000;566664
250000;581272
250000;598127
250000;561709
250000;568522
250000;576319
250000;543440
250000;559695
250000;554146
250000;561792
251000;552302
251000;563297
251000;580311
251000;585190
251000;558335
251000;569805
251000;588565
251000;544585
251000;566839
251000;566576
252000;563400
252000;548224
252000;580332
252000;591674
252000;559339
252000;549341
252000;619261
252000;572190
252000;595825
252000;578557
253000;580345
253000;605971
253000;592616
253000;576365
253000;585834
253000;555996
253000;610964
253000;576303
253000;590532
253000;580258
254000;573041
254000;599546
254000;548721
254000;593345
254000;623361
254000;558793
254000;572032
254000;562577
254000;566119
254000;585180
255000;567129
255000;588719
255000;611024
255000;591793
255000;583444
255000;567559
255000;580720
255000;620255
255000;594673
255000;575171
256000;545991
256000;586178
256000;553771
256000;580836
256000;588579
256000;598217
256000;575690
256000;601120
256000;546811
256000;565415
257000;568888
257000;599877
257000;561570
257000;584653
257000;582368
257000;580041
257000;596192
257000;597567
257000;580261
257000;570776
258000;566133
258000;612414
258000;562315
258000;594200
258000;593460
258000;565947
258000;594457
258000;579397
258000;597542
258000;575704
259000;554311
259000;555733
259000;586547
259000;595973
259000;563424
259000;584874
259000;608580
259000;573160
259000;599936
259000;586011
260000;597804
260000;580833
260000;602491
260000;599593
260000;569662
260000;589379
260000;605257
260000;587351
260000;606287
260000;580019
261000;606708
261000;611005
261000;590645
261000;625626
261000;610930
261000;607882
261000;572651
261000;630414
261000;597284
261000;602220
262000;587980
262000;606686
262000;610942
262000;607184
262000;605939
262000;606091
262000;582676
262000;591938
262000;601584
262000;602736
263000;602974
263000;612799
263000;576030
263000;612062
263000;630934
263000;609163
263000;604492
263000;572295
263000;621180
263000;621420
264000;613231
264000;619711
264000;608387
264000;585135
264000;595008
264000;611089
264000;589104
264000;611322
264000;617771
264000;621092
265000;609626
265000;620700
265000;578537
265000;618340
265000;617588
265000;624297
265000;570673
265000;613251
265000;593767
265000;576277
266000;591116
266000;618962
266000;605367
266000;583932
266000;621356
266000;592924
266000;616712
266000;600054
266000;636968
266000;575123
267000;598722
267000;614458
267000;605773
267000;609924
267000;610488
267000;630705
267000;624679
267000;624366
267000;590929
267000;605684
268000;631897
268000;569389
268000;626064
268000;626322
268000;614655
268000;609143
268000;630622
268000;597182
268000;603530
268000;604689
269000;617425
269000;634512
269000;607653
269000;667915
269000;640401
269000;581421
269000;602588
269000;621607
269000;616440
269000;624778
270000;609072
270000;617637
270000;628558
270000;606766
270000;631960
270000;621081
270000;615831
270000;621569
270000;613995
270000;580621
271000;615854
271000;596836
271000;610240
271000;617140
271000;640351
271000;590205
271000;631196
271000;613429
271000;634554
271000;619931
272000;638342
272000;623101
272000;639304
272000;591809
272000;578107
272000;610267
272000;631892
272000;635838
272000;626435
272000;583427
273000;605230
273000;610984
273000;634485
273000;636813
273000;638730
273000;654347
273000;636442
273000;641571
273000;617357
273000;624244
274000;641633
274000;619523
274000;652412
274000;624270
274000;649665
274000;658588
274000;610432
274000;614450
274000;622300
274000;631404
275000;627142
275000;614727
275000;662397
275000;614990
275000;643842
275000;629824
275000;603970
275000;655653
275000;657899
275000;632557
276000;652183
276000;641074
276000;664353
276000;673073
276000;656440
276000;633172
276000;615725
276000;677269
276000;647764
276000;637451
277000;665993
277000;656703
277000;656573
277000;634829
277000;634544
277000;630943
277000;634951
277000;639194
277000;657504
277000;654335
278000;641717
278000;626805
278000;644007
278000;664808
278000;622826
278000;629239
278000;640421
278000;612688
278000;613561
278000;625482
279000;647838
279000;608492
279000;611947
279000;662886
279000;653351
279000;678089
279000;643633
279000;668951
279000;650018
279000;652687
280000;652901
280000;627123
280000;664803
280000;650277
280000;686597
280000;794733
280000;637052
280000;629264
280000;636341
280000;631369
281000;645572
281000;619040
281000;664891
281000;663728
281000;654815
281000;651026
281000;602970
281000;621720
281000;647914
281000;617155
282000;670205
282000;633773
282000;633856
282000;661467
282000;657082
282000;647242
282000;645130
282000;647220
282000;634808
282000;662667
283000;651920
283000;709156
283000;648924
283000;681919
283000;688462
283000;629567
283000;610047
283000;656605
283000;660195
283000;661929
284000;652031
284000;672713
284000;649557
284000;680436
284000;672301
284000;676279
284000;679505
284000;622461
284000;641262
284000;622167
285000;689435
285000;682770
285000;674401
285000;654168
285000;664778
285000;680236
285000;640485
285000;674524
285000;660896
285000;673446
286000;649008
286000;661928
286000;644740
286000;676684
286000;619965
286000;650281
286000;623936
286000;655082
286000;644397
286000;616116
287000;662499
287000;648135
287000;677297
287000;619976
287000;681417
287000;628590
287000;682958
287000;679507
287000;664311
287000;691868
288000;685969
288000;629018
288000;653156
288000;635886
288000;673769
288000;668232
288000;692116
288000;671380
288000;665639
288000;646593
289000;663453
289000;653084
289000;694279
289000;687454
289000;665109
289000;692247
289000;665711
289000;646614
289000;684901
289000;688379
290000;655613
290000;684833
290000;649564
290000;686650
290000;661014
290000;668323
290000;686589
290000;679366
290000;685030
290000;655189
291000;659661
291000;698544
291000;669564
291000;697994
291000;680877
291000;673406
291000;699231
291000;642536
291000;677744
291000;671206
292000;665583
292000;650761
292000;680709
292000;697032
292000;657624
292000;664632
292000;692531
292000;691372
292000;683018
292000;658779
293000;721810
293000;689552
293000;697949
293000;715367
293000;689093
293000;700396
293000;700244
293000;748573
293000;642473
293000;652783
294000;689358
294000;722257
294000;683471
294000;695075
294000;705265
294000;676305
294000;668368
294000;721482
294000;724044
294000;664281
295000;670065
295000;697646
295000;675565
295000;680700
295000;733143
295000;751450
295000;649968
295000;660971
295000;677516
295000;690916
296000;677877
296000;708518
296000;694683
296000;701442
296000;665459
296000;689840
296000;699591
296000;707777
296000;712102
296000;682481
297000;702158
297000;645050
297000;690112
297000;686919
297000;661080
297000;689826
297000;688222
297000;691657
297000;658104
297000;701884
298000;686777
298000;697723
298000;673446
298000;690413
298000;711844
298000;695203
298000;690153
298000;705614
298000;679953
298000;703353
299000;701210
299000;686992
299000;707142
299000;693242
299000;719860
299000;709957
299000;711546
299000;707122
299000;738084
299000;727680
300000;722275
300000;758349
300000;731464
300000;713244
300000;722609
300000;725036
300000;684772
300000;727714
300000;678018
300000;664680
301000;722910
301000;721817
301000;733756
301000;728502
301000;748546
301000;666684
301000;685579
301000;717280
301000;687537
301000;718903
302000;712546
302000;719078
302000;701261
302000;730222
302000;713696
302000;701868
302000;717899
302000;732455
302000;730934
302000;705003
303000;708786
303000;662057
303000;696821
303000;724147
303000;704283
303000;761619
303000;692244
303000;721356
303000;748976
303000;691502
304000;724397
304000;660840
304000;721052
304000;705203
304000;736932
304000;730726
304000;717223
304000;699757
304000;734021
304000;662656
305000;737965
305000;712025
305000;737741
305000;721846
305000;682004
305000;694614
305000;693112
305000;743813
305000;713394
305000;746161
306000;723594
306000;784272
306000;717244
306000;662706
306000;715548
306000;695682
306000;688649
306000;730828
306000;762720
306000;734841
307000;732047
307000;751783
307000;737369
307000;740514
307000;760023
307000;742398
307000;765790
307000;760737
307000;748559
307000;708394
308000;731943
308000;761314
308000;709263
308000;755972
308000;777446
308000;738453
308000;745693
308000;715150
308000;766789
308000;751119
309000;746600
309000;720965
309000;716168
309000;694207
309000;751440
309000;738724
309000;732625
309000;733001
309000;734088
309000;740105
310000;701837
310000;769135
310000;748054
310000;711557
310000;709768
310000;736451
310000;697527
310000;729583
310000;716288
310000;716680
311000;717286
311000;716536
311000;701525
311000;729244
311000;753365
311000;776301
311000;796488
311000;747268
311000;722201
311000;733012
312000;686569
312000;693402
312000;708074
312000;764437
312000;698715
312000;725313
312000;704682
312000;691574
312000;732119
312000;750269
313000;712675
313000;740900
313000;762840
313000;781914
313000;773857
313000;744691
313000;705195
313000;769257
313000;744272
313000;709584
314000;736697
314000;809378
314000;755331
314000;771106
314000;706183
314000;722402
314000;838731
314000;941628
314000;860263
314000;826608
315000;857069
315000;860803
315000;881597
315000;805575
315000;810329
315000;811869
315000;791152
315000;798699
315000;904440
315000;853576
316000;828284
316000;868844
316000;840485
316000;838237
316000;790321
316000;807353
316000;841011
316000;749702
316000;777161
316000;763903
317000;872836
317000;863847
317000;866292
317000;816173
317000;862268
317000;858103
317000;800645
317000;754169
317000;796512
317000;787237
318000;770115
318000;801530
318000;862411
318000;866369
318000;862798
318000;869189
318000;845820
318000;813832
318000;777055
318000;805712
319000;800475
319000;798824
319000;805443
319000;850516
319000;833081
319000;898811
319000;986082
319000;896760
319000;827689
319000;828329
320000;797629
320000;795114
320000;792989
320000;814199
320000;858966
320000;881360
320000;895914
320000;860756
320000;868866
320000;828713
321000;821566
321000;795666
321000;784993
321000;802319
321000;805132
321000;837044
321000;876091
321000;895773
321000;839949
321000;933931
322000;853762
322000;815916
322000;824368
322000;933235
322000;851990
322000;863630
322000;910910
322000;972344
322000;985184
322000;986454
323000;980551
323000;857864
323000;818469
323000;850432
323000;817968
323000;821097
323000;835332
323000;979252
323000;1078927
323000;1005596
324000;1040173
324000;934805
324000;822486
324000;831891
324000;834970
324000;844827
324000;815464
324000;992363
324000;1001037
324000;978785
325000;991279
325000;1017362
325000;822404
325000;830035
325000;819666
325000;816367
325000;865206
325000;865350
325000;1131163
325000;1175494
326000;1028340
326000;1006692
326000;824246
326000;812820
326000;833689
326000;876394
326000;817275
326000;856025
326000;991951
326000;994947
327000;1001800
327000;1010351
327000;914365
327000;805700
327000;823593
327000;819933
327000;830931
327000;826277
327000;976371
327000;1005136
328000;1004687
328000;1022523
328000;1018065
328000;828766
328000;838636
328000;827117
328000;941023
328000;901837
328000;949062
328000;1015152
329000;1031203
329000;1017119
329000;1005501
329000;838836
329000;861714
329000;822512
329000;832110
329000;848110
329000;885620
329000;999413
330000;1026471
330000;1083143
330000;1005816
330000;921511
330000;831422
330000;846993
330000;854320
330000;836179
330000;851511
330000;1015547
331000;993219
331000;1003828
331000;1091023
331000;905560
331000;838960
331000;831501
331000;829347
331000;825920
331000;847842
331000;1053169
332000;1054543
332000;1096868
332000;1007789
332000;949873
332000;856271
332000;830184
332000;835010
332000;851965
332000;846116
332000;1070563
333000;1068240
333000;1036542
333000;1118008
333000;1033807
333000;935543
333000;821796
333000;849750
333000;862698
333000;851666
333000;826621
334000;794050
334000;808772
334000;809438
334000;857998
334000;801686
334000;833184
334000;841052
334000;812392
334000;807640
334000;808253
335000;799079
335000;773787
335000;822200
335000;770465
335000;810266
335000;834689
335000;784643
335000;794675
335000;792773
335000;818747
336000;825909
336000;786823
336000;753702
336000;792107
336000;805505
336000;781945
336000;768702
336000;827754
336000;830194
336000;794360
337000;780305
337000;789949
337000;839838
337000;786873
337000;803334
337000;764863
337000;787096
337000;819045
337000;823094
337000;794152
338000;810676
338000;838861
338000;817413
338000;858112
338000;808916
338000;816426
338000;818839
338000;842169
338000;825020
338000;808212
339000;814318
339000;797570
339000;835081
339000;783919
339000;816816
339000;810689
339000;777589
339000;833493
339000;829264
339000;821519
340000;827690
340000;836770
340000;847435
340000;838595
340000;811486
340000;846295
340000;834542
340000;795942
340000;842684
340000;831562
341000;813042
341000;839910
341000;790893
341000;807411
341000;829010
341000;827460
341000;833867
341000;828973
341000;833333
341000;848929
342000;843893
342000;854192
342000;791556
342000;879523
342000;834643
342000;812233
342000;780943
342000;835878
342000;820682
342000;865259
343000;822182
343000;782913
343000;825420
343000;794759
343000;836019
343000;821144
343000;774985
343000;814532
343000;787800
343000;802628
344000;849191
344000;866730
344000;835782
344000;851209
344000;853943
344000;834699
344000;795184
344000;860912
344000;835623
344000;834887
345000;822140
345000;761082
345000;863136
345000;830239
345000;776443
345000;866177
345000;918051
345000;867519
345000;787177
345000;789552
346000;856701
346000;866014
346000;851019
346000;887511
346000;884009
346000;846885
346000;858317
346000;836864
346000;864032
346000;865773
347000;866234
347000;818806
347000;877058
347000;833423
347000;884843
347000;847554
347000;846236
347000;834080
347000;915371
347000;828032
348000;897874
348000;865714
348000;915165
348000;867460
348000;868320
348000;844039
348000;883980
348000;868631
348000;846670
348000;812946
349000;814913
349000;828961
349000;852748
349000;788379
349000;828403
349000;874889
349000;843269
349000;847029
349000;807349
349000;865702
350000;849604
350000;824039
350000;863167
350000;839620
350000;858985
350000;865111
350000;842976
350000;838843
350000;862668
350000;806976
351000;858193
351000;861529
351000;815629
351000;830453
351000;850056
351000;826503
351000;855687
351000;835040
351000;813902
351000;833641
352000;895131
352000;853341
352000;818821
352000;847247
352000;870612
352000;856152
352000;866779
352000;880681
352000;840911
352000;867708
353000;872571
353000;859143
353000;830599
353000;854783
353000;819096
353000;876632
353000;817664
353000;876160
353000;861925
353000;831606
354000;870222
354000;794632
354000;859602
354000;819172
354000;869263
354000;852873
354000;866016
354000;876471
354000;875148
354000;843358
355000;791499
355000;846453
355000;862204
355000;852800
355000;836392
355000;845396
355000;799201
355000;803204
355000;837661
355000;838302
356000;873239
356000;859014
356000;859341
356000;830619
356000;879262
356000;883262
356000;871862
356000;857430
356000;832787
356000;876440
357000;894933
357000;814300
357000;847793
357000;846815
357000;841579
357000;852578
357000;850330
357000;838816
357000;833772
357000;876011
358000;835770
358000;876476
358000;847936
358000;826161
358000;861966
358000;840334
358000;835866
358000;852550
358000;836208
358000;853753
359000;863497
359000;885719
359000;839358
359000;854133
359000;866244
359000;836400
359000;796490
359000;907877
359000;860674
359000;861051
360000;790979
360000;785843
360000;908800
360000;865241
360000;831646
360000;818589
360000;909315
360000;872398
360000;857218
360000;856146
361000;845947
361000;855087
361000;877812
361000;909394
361000;842657
361000;821271
361000;866182
361000;849823
361000;862317
361000;855164
362000;872049
362000;908987
362000;911504
362000;889282
362000;847701
362000;933861
362000;869200
362000;914322
362000;896808
362000;907205
363000;904170
363000;923941
363000;930101
363000;895592
363000;960461
363000;1039816
363000;949950
363000;1016278
363000;987073
363000;944998
364000;899612
364000;885630
364000;929211
364000;916184
364000;925610
364000;888321
364000;883237
364000;887216
364000;857431
364000;831716
365000;872657
365000;865354
365000;885610
365000;895087
365000;895454
365000;846847
365000;865428
365000;874136
365000;876551
365000;903597
366000;889194
366000;825015
366000;872875
366000;885239
366000;860421
366000;889675
366000;853386
366000;911204
366000;860585
366000;906846
367000;892361
367000;870474
367000;879540
367000;905651
367000;888748
367000;903364
367000;915880
367000;902910
367000;864558
367000;870964
368000;894366
368000;873808
368000;903147
368000;901059
368000;930377
368000;865081
368000;876508
368000;900612
368000;867719
368000;863920
369000;881552
369000;883481
369000;878227
369000;912977
369000;924259
369000;915146
369000;896795
369000;919714
369000;882316
369000;937330
370000;884812
370000;845423
370000;917927
370000;903160
370000;902785
370000;843708
370000;906453
370000;847211
370000;905357
370000;883902
371000;890600
371000;920316
371000;882591
371000;923689
371000;872318
371000;883300
371000;908887
371000;876341
371000;907612
371000;865773
372000;866587
372000;857239
372000;902116
372000;893954
372000;1131099
372000;1022440
372000;1014280
372000;968622
372000;992983
372000;929739
373000;892144
373000;928297
373000;939220
373000;937744
373000;932906
373000;943353
373000;932162
373000;952274
373000;898145
373000;903758
374000;915375
374000;931877
374000;1010223
374000;1024375
374000;935946
374000;937998
374000;963957
374000;937642
374000;928436
374000;912015
375000;931124
375000;922038
375000;922034
375000;907707
375000;874638
375000;884790
375000;869000
375000;904309
375000;920654
375000;946960
376000;931789
376000;898729
376000;919056
376000;931917
376000;887157
376000;908376
376000;855890
376000;956699
376000;927965
376000;956661
377000;911911
377000;872583
377000;895156
377000;961588
377000;947697
377000;954941
377000;877741
377000;904555
377000;894469
377000;926106
378000;954461
378000;875855
378000;925659
378000;944837
378000;910272
378000;918507
378000;944443
378000;927815
378000;917118
378000;897423
379000;905988
379000;936051
379000;863389
379000;920788
379000;932299
379000;933289
379000;913300
379000;965921
379000;956838
379000;940001
380000;960534
380000;909072
380000;947889
380000;911397
380000;957944
380000;891545
380000;900724
380000;924968
380000;891100
380000;915278
381000;931676
381000;904127
381000;914753
381000;933805
381000;890149
381000;909030
381000;932805
381000;970435
381000;925594
381000;891982
382000;903419
382000;925784
382000;936391
382000;939921
382000;961960
382000;905613
382000;914829
382000;884222
382000;942877
382000;952176
383000;909672
383000;950028
383000;986334
383000;940806
383000;913960
383000;889762
383000;917852
383000;892473
383000;885101
383000;918881
384000;971399
384000;914105
384000;915605
384000;948818
384000;972910
384000;930856
384000;938410
384000;909563
384000;901437
384000;903869
385000;930527
385000;912266
385000;872857
385000;932648
385000;937502
385000;874670
385000;947621
385000;979609
385000;942407
385000;915562
386000;882065
386000;949293
386000;921550
386000;959998
386000;918165
386000;987971
386000;972535
386000;921166
386000;951306
386000;940031
387000;928562
387000;940341
387000;1010184
387000;905307
387000;925581
387000;983362
387000;945887
387000;935805
387000;885799
387000;970373
388000;926946
388000;916163
388000;917909
388000;964696
388000;945796
388000;932731
388000;908488
388000;916854
388000;961771
388000;927288
389000;904256
389000;941019
389000;952862
389000;930864
389000;910171
389000;912628
389000;955468
389000;962842
389000;996588
389000;926269
390000;959638
390000;966494
390000;927359
390000;908321
390000;948397
390000;959155
390000;947872
390000;947898
390000;979553
390000;985842
391000;985171
391000;955037
391000;936199
391000;945377
391000;923646
391000;954853
391000;964417
391000;966470
391000;974064
391000;938129
392000;939370
392000;966540
392000;974724
392000;902444
392000;929321
392000;891153
392000;933872
392000;992938
392000;973010
392000;916459
393000;923095
393000;980334
393000;935379
393000;924652
393000;933287
393000;928217
393000;949628
393000;941054
393000;930317
393000;940836
394000;947947
394000;969748
394000;970566
394000;982858
394000;942471
394000;981394
394000;970284
394000;981220
394000;977193
394000;941531
395000;958134
395000;957266
395000;954086
395000;919789
395000;953316
395000;957335
395000;985558
395000;970019
395000;956634
395000;951182
396000;946360
396000;951919
396000;934383
396000;977194
396000;955394
396000;935254
396000;980512
396000;995491
396000;921387
396000;907473
397000;983990
397000;982899
397000;974536
397000;909348
397000;977965
397000;923526
397000;941314
397000;949739
397000;941657
397000;933683
398000;983978
398000;983697
398000;957932
398000;974558
398000;931037
398000;930431
398000;917961
398000;930327
398000;954222
398000;977778
399000;951771
399000;931686
399000;946280
399000;971885
399000;980804
399000;915703
399000;945996
399000;951815
399000;987237
399000;973630
400000;915850
400000;990558
400000;961009
400000;950652
400000;991666
400000;969418
400000;957953
400000;966648
400000;936667
400000;993174
401000;955756
401000;998874
401000;958535
401000;964847
401000;955939
401000;1017539
401000;960610
401000;947407
401000;945806
401000;972677
402000;948186
402000;983007
402000;946006
402000;992260
402000;986420
402000;985789
402000;996188
402000;984425
402000;960010
402000;954280
403000;1003555
403000;983342
403000;955434
403000;988828
403000;983876
403000;990395
403000;961005
403000;926410
403000;985777
403000;987914
404000;985698
404000;955418
404000;996151
404000;1077922
404000;1120825
404000;1061072
404000;1031151
404000;1026666
404000;1033297
404000;973509
405000;1070947
405000;1070201
405000;1077470
405000;1049980
405000;1039604
405000;1015331
405000;1088168
405000;1051496
405000;1015230
405000;1044959
406000;999151
406000;978343
406000;992805
406000;982467
406000;1017280
406000;1013831
406000;1033745
406000;985823
406000;982258
406000;1104962
407000;1003059
407000;1013582
407000;965396
407000;982593
407000;1031073
407000;1020881
407000;1016861
407000;985444
407000;989426
407000;950520
408000;1026331
408000;1018403
408000;1008537
408000;1011871
408000;1009991
408000;1023212
408000;993510
408000;955914
408000;1012366
408000;1021918
409000;981929
409000;986052
409000;1030978
409000;1041242
409000;1001959
409000;1020408
409000;994958
409000;961645
409000;1010680
409000;1041558
410000;978134
410000;955984
410000;990713
410000;959850
410000;963653
410000;955188
410000;984936
410000;990896
410000;993057
410000;1047582
411000;1003469
411000;1011438
411000;983534
411000;1015864
411000;996311
411000;983223
411000;995030
411000;1031020
411000;1019622
411000;1080303
412000;1086225
412000;1028695
412000;1061913
412000;982551
412000;986182
412000;1009744
412000;1045661
412000;1038590
412000;1014426
412000;1014784
413000;1041754
413000;977849
413000;1050292
413000;1009974
413000;1010956
413000;995099
413000;961135
413000;1062967
413000;978805
413000;1063288
414000;989607
414000;997536
414000;1012013
414000;1040803
414000;1025033
414000;1030685
414000;1007670
414000;1014667
414000;1014874
414000;1020550
415000;937989
415000;1034966
415000;992218
415000;955109
415000;1007571
415000;1054964
415000;1026058
415000;1025932
415000;1048572
415000;1001147
416000;1035735
416000;993819
416000;1028688
416000;1010907
416000;995746
416000;998501
416000;1023336
416000;997034
416000;1031971
416000;1035008
417000;1018999
417000;999941
417000;1011332
417000;1001338
417000;1040629
417000;1026279
417000;991980
417000;1043577
417000;997948
417000;1002439
418000;1044552
418000;954338
418000;1021606
418000;985188
418000;1055698
418000;1044526
418000;1261526
418000;1116756
418000;1086069
418000;1125727
419000;1097685
419000;1042803
419000;1070041
419000;1022531
419000;1126274
419000;1063275
419000;1095646
419000;1098765
419000;1205985
419000;1146306
420000;1134431
420000;1157710
420000;1173031
420000;1097993
420000;1091617
420000;1043337
420000;1093874
420000;1036682
420000;1107485
420000;1085220
421000;1034409
421000;1055156
421000;1127842
421000;1057454
421000;1059522
421000;1119137
421000;992639
421000;1063105
421000;1058027
421000;1011598
422000;1056743
422000;1032299
422000;1013968
422000;1076165
422000;1051475
422000;1056305
422000;1029429
422000;1002703
422000;1027801
422000;1073579
423000;1054519
423000;1012630
423000;995290
423000;1011931
423000;1035528
423000;1138937
423000;1042835
423000;1007381
423000;995623
423000;1020902
424000;1003591
424000;1035965
424000;1006738
424000;1001778
424000;961902
424000;1005841
424000;995901
424000;1002990
424000;1019073
424000;1006761
425000;1009511
425000;1009742
425000;1011640
425000;1015432
425000;999245
425000;1011537
425000;1021101
425000;1010034
425000;1022799
425000;996171
426000;1006780
426000;1010624
426000;1026569
426000;999787
426000;1004031
426000;972882
426000;1007580
426000;1003332
426000;996884
426000;1023698
427000;1007168
427000;1006014
427000;1010636
427000;1006337
427000;1008865
427000;1044099
427000;990608
427000;1009138
427000;1029125
427000;1053303
428000;1009615
428000;1040284
428000;1025320
428000;1018964
428000;1018838
428000;1049704
428000;1015018
428000;1005521
428000;1041163
428000;1030205
429000;1045759
429000;1043875
429000;1030907
429000;1019560
429000;1026741
429000;1009412
429000;1025369
429000;1003501
429000;1033468
429000;998755
430000;1025661
430000;1006793
430000;1019519
430000;1017200
430000;1005660
430000;1020779
430000;1042061
430000;1032614
430000;1041323
430000;1013856
431000;1117682
431000;1124439
431000;1091159
431000;1125809
431000;1153400
431000;1122766
431000;1077711
431000;1078848
431000;1069437
431000;1057178
432000;1044748
432000;1049604
432000;1027491
432000;1005439
432000;1032880
432000;1002818
432000;1031014
432000;1026116
432000;1031790
432000;1019192
433000;1033713
433000;1022095
433000;1027800
433000;1034326
433000;1032871
433000;1033300
433000;1025396
433000;1030457
433000;1039271
433000;1017083
434000;1015171
434000;1073032
434000;1041256
434000;1089070
434000;1036766
434000;1063246
434000;1067123
434000;1080625
434000;1042303
434000;1061077
435000;1022760
435000;1056770
435000;1062972
435000;1050845
435000;1035342
435000;1012032
435000;1049912
435000;1049428
435000;1042138
435000;1098165
436000;1082957
436000;1073338
436000;1065169
436000;1021957
436000;1015745
436000;1038294
436000;1081874
436000;1066433
436000;1087200
436000;1052049
437000;1079993
437000;1049727
437000;1074012
437000;1083538
437000;1055409
437000;1087127
437000;1061801
437000;1093582
437000;1069218
437000;1091767
438000;1048128
438000;1101253
438000;1087583
438000;1075272
438000;1058066
438000;1023731
438000;1089946
438000;1056697
438000;1059990
438000;1079429
439000;1074174
439000;1059675
439000;1050503
439000;1064777
439000;1084521
439000;1079691
439000;1056317
439000;1066430
439000;1098840
439000;1043420
440000;1075407
440000;1013218
440000;1097533
440000;1090185
440000;1098722
440000;1073135
440000;1107511
440000;1088001
440000;1057814
440000;1095306
441000;1055492
441000;1117743
441000;1121526
441000;1116916
441000;1083909
441000;1091788
441000;1081302
441000;1096270
441000;1059829
441000;1067146
442000;1106177
442000;1075673
442000;1134916
442000;1109130
442000;1073371
442000;1090654
442000;1122797
442000;1097278
442000;1098027
442000;1086595
443000;1087128
443000;1085217
443000;1105476
443000;1063478
443000;1093676
443000;1084010
443000;1026173
443000;1039933
443000;1088484
443000;1056812
444000;1086809
444000;1086116
444000;1068337
444000;1090995
444000;1062658
444000;1095779
444000;1136441
444000;1083906
444000;1088915
444000;1086442
445000;1082538
445000;1098803
445000;1111398
445000;1100470
445000;1102278
445000;1127860
445000;1093100
445000;1077618
445000;1116759
445000;1092447
446000;1078507
446000;1092048
446000;1089374
446000;1122614
446000;1115342
446000;1102929
446000;1070577
446000;1113112
446000;1098310
446000;1110878
447000;1078916
447000;1062328
447000;1073029
447000;1093694
447000;1068953
447000;1104487
447000;1073093
447000;1084108
447000;1082403
447000;1041612
448000;1117101
448000;1095132
448000;1129275
448000;1085138
448000;1140728
448000;1166813
448000;1067588
448000;1112649
448000;1065375
448000;1071564
449000;1107234
449000;1096656
449000;1114103
449000;1081876
449000;1098327
449000;1083659
449000;1122189
449000;1114913
449000;1090840
449000;1081782
450000;1066502
450000;1089619
450000;1098360
450000;1060584
450000;1096185
450000;1124979
450000;1094008
450000;1099005
450000;1139989
450000;1079487
451000;1092660
451000;1125945
451000;1073705
451000;1138087
451000;1348418
451000;1151726
451000;1155123
451000;1218123
451000;1155125
451000;1157901
452000;1176566
452000;1154177
452000;1084710
452000;1087698
452000;1154172
452000;1139049
452000;1149382
452000;1087219
452000;1085915
452000;1146613
453000;1141589
453000;1102805
453000;1137136
453000;1106946
453000;1135945
453000;1135136
453000;1143632
453000;1127731
453000;1155793
453000;1160706
454000;1123223
454000;1121491
454000;1121473
454000;1137595
454000;1122340
454000;1094977
454000;1125216
454000;1119484
454000;1164533
454000;1129953
455000;1114120
455000;1146128
455000;1154646
455000;1133709
455000;1085486
455000;1141499
455000;1115353
455000;1063756
455000;1158829
455000;1144817
456000;1110135
456000;1106776
456000;1097176
456000;1131276
456000;1174772
456000;1139629
456000;1140682
456000;1118003
456000;1122460
456000;1117227
457000;1165769
457000;1131736
457000;1119004
457000;1071435
457000;1144623
457000;1113497
457000;1132645
457000;1110340
457000;1095378
457000;1078642
458000;1112405
458000;1092658
458000;1127990
458000;1176525
458000;1200235
458000;1106286
458000;1151287
458000;1095598
458000;1093404
458000;1099446
459000;1148308
459000;1159355
459000;1103045
459000;1120136
459000;1160688
459000;1133323
459000;1130720
459000;1146602
459000;1114405
459000;1218973
460000;1170974
460000;1191036
460000;1151293
460000;1166020
460000;1128632
460000;1191915
460000;1143173
460000;1186601
460000;1141729
460000;1175635
461000;1152859
461000;1116917
461000;1192238
461000;1201875
461000;1285387
461000;1230367
461000;1162434
461000;1146600
461000;1166047
461000;1206283
462000;1133872
462000;1158249
462000;1125187
462000;1122319
462000;1142938
462000;1138427
462000;1150952
462000;1109823
462000;1152405
462000;1118841
463000;1152596
463000;1117681
463000;1127418
463000;1183603
463000;1109957
463000;1124077
463000;1109493
463000;1101442
463000;1111685
463000;1193706
464000;1151475
464000;1161329
464000;1134522
464000;1136510
464000;1098164
464000;1110970
464000;1140730
464000;1160613
464000;1171581
464000;1106067
465000;1142234
465000;1115490
465000;1151602
465000;1134197
465000;1136355
465000;1111823
465000;1149995
465000;1112596
465000;1171527
465000;1144888
466000;1095878
466000;1144332
466000;1160534
466000;1114944
466000;1089430
466000;1155054
466000;1115396
466000;1163107
466000;1138147
466000;1148694
467000;1170863
467000;1139189
467000;1134348
467000;1118915
467000;1155214
467000;1120670
467000;1107830
467000;1154158
467000;1145292
467000;1156794
468000;1160321
468000;1136847
468000;1115801
468000;1152460
468000;1113806
468000;1187606
468000;1119489
468000;1175398
468000;1146811
468000;1129575
469000;1158981
469000;1150462
469000;1175068
469000;1149526
469000;1147951
469000;1143872
469000;1154227
469000;1156900
469000;1185827
469000;1218674
470000;1255161
470000;1114517
470000;1188378
470000;1159351
470000;1104462
470000;1170933
470000;1125385
470000;1157143
470000;1263206
470000;1348902
471000;1253705
471000;1326596
471000;1217240
471000;1191113
471000;1241491
471000;1253435
471000;1219716
471000;1239556
471000;1238741
471000;1218774
472000;1197560
472000;1270715
472000;1251810
472000;1277854
472000;1227920
472000;1229992
472000;1175735
472000;1199083
472000;1200721
472000;1268727
473000;1372898
473000;1270026
473000;1274402
473000;1206830
473000;1248001
473000;1288026
473000;1241843
473000;1244328
473000;1171810
473000;1145930
474000;1192179
474000;1243120
474000;1199511
474000;1191260
474000;1161405
474000;1195418
474000;1186654
474000;1171034
474000;1211923
474000;1124611
475000;1198398
475000;1225320
475000;1199013
475000;1249452
475000;1204576
475000;1265222
475000;1195863
475000;1235456
475000;1180012
475000;1190091
476000;1211281
476000;1208808
476000;1203270
476000;1184269
476000;1194501
476000;1192157
476000;1135867
476000;1233869
476000;1164478
476000;1192669
477000;1185817
477000;1240386
477000;1199782
477000;1183565
477000;1182667
477000;1167830
477000;1226676
477000;1196789
477000;1137786
477000;1202695
478000;1129441
478000;1177223
478000;1219416
478000;1224861
478000;1187084
478000;1197098
478000;1177799
478000;1202837
478000;1187150
478000;1245669
479000;1166417
479000;1266482
479000;1236640
479000;1183834
479000;1160842
479000;1238056
479000;1224534
479000;1195667
479000;1248961
479000;1202729
480000;1195615
480000;1220602
480000;1219560
480000;1198598
480000;1208692
480000;1200362
480000;1206562
480000;1168918
480000;1237309
480000;1219224
481000;1196441
481000;1205512
481000;1225656
481000;1202979
481000;1212312
481000;1172423
481000;1214746
481000;1205879
481000;1226967
481000;1193851
482000;1165889
482000;1197999
482000;1212038
482000;1189669
482000;1223578
482000;1137823
482000;1238821
482000;1221189
482000;1225646
482000;1210264
483000;1193074
483000;1175073
483000;1239553
483000;1170702
483000;1204630
483000;1209049
483000;1173456
483000;1168599
483000;1199329
483000;1159146
484000;1196503
484000;1211734
484000;1213119
484000;1208487
484000;1204292
484000;1172973
484000;1215282
484000;1196564
484000;1201797
484000;1198878
485000;1221295
485000;1209977
485000;1232685
485000;1183949
485000;1213175
485000;1145702
485000;1193182
485000;1146621
485000;1165337
485000;1165190
486000;1148791
486000;1205428
486000;1161383
486000;1231843
486000;1236248
486000;1187707
486000;1226289
486000;1197552
486000;1256985
486000;1179367
487000;1250555
487000;1195703
487000;1226738
487000;1226295
487000;1233280
487000;1228411
487000;1221474
487000;1210278
487000;1245070
487000;1180261
488000;1238679
488000;1144823
488000;1256935
488000;1239564
488000;1226937
488000;1203839
488000;1231422
488000;1270263
488000;1257467
488000;1195470
489000;1206399
489000;1232665
489000;1210100
489000;1279565
489000;1235449
489000;1231303
489000;1215638
489000;1212006
489000;1186958
489000;1232945
490000;1224678
490000;1207727
490000;1242948
490000;1250773
490000;1233839
490000;1215769
490000;1195160
490000;1132633
490000;1256056
490000;1196802
491000;1247993
491000;1248151
491000;1196398
491000;1188395
491000;1227651
491000;1209487
491000;1249243
491000;1207399
491000;1213731
491000;1174232
492000;1214045
492000;1228348
492000;1228832
492000;1212608
492000;1166902
492000;1204707
492000;1362613
492000;1348185
492000;1333090
492000;1319022
493000;1251702
493000;1333847
493000;1266131
493000;1223831
493000;1237620
493000;1264094
493000;1247095
493000;1286299
493000;1262699
493000;1289749
494000;1211958
494000;1210181
494000;1217557
494000;1201530
494000;1276671
494000;1207459
494000;1227518
494000;1244466
494000;1238360
494000;1254049
495000;1256863
495000;1213487
495000;1226335
495000;1246592
495000;1204459
495000;1160422
495000;1202966
495000;1219250
495000;1200449
495000;1248590
496000;1216060
496000;1250208
496000;1205734
496000;1195408
496000;1186942
496000;1213389
496000;1190543
496000;1251252
496000;1246135
496000;1225371
497000;1232322
497000;1241041
497000;1230583
497000;1241054
497000;1238769
497000;1223936
497000;1246379
497000;1303728
497000;1284552
497000;1206514
498000;1273206
498000;1223086
498000;1206019
498000;1185125
498000;1269189
498000;1197309
498000;1223208
498000;1268028
498000;1199878
498000;1261972
499000;1307213
499000;1270644
499000;1275249
499000;1224737
499000;1225448
499000;1259047
499000;1222204
499000;1257930
499000;1246868
499000;1215662
500000;1280010
500000;1252494
500000;1235858
500000;1275195
500000;1274690
500000;1280122
500000;1173019
500000;1238442
500000;1266645
500000;1230331
501000;1208021
501000;1229981
501000;1235450
501000;1258740
501000;1189094
501000;1255448
501000;1257840
501000;1270967
501000;1228492
501000;1234978
502000;1257304
502000;1245837
502000;1271188
502000;1276864
502000;1286239
502000;1218803
502000;1263339
502000;1305591
502000;1302796
502000;1262436
503000;1281833
503000;1259614
503000;1286098
503000;1289655
503000;1242716
503000;1278350
503000;1244061
503000;1255128
503000;1253641
503000;1273709
504000;1250948
504000;1237689
504000;1311277
504000;1213632
504000;1298752
504000;1304881
504000;1265162
504000;1265799
504000;1165197
504000;1271820
505000;1177706
505000;1303289
505000;1303447
505000;1251187
505000;1227534
505000;1269587
505000;1277437
505000;1297543
505000;1298097
505000;1210846
506000;1273538
506000;1203286
506000;1322138
506000;1266981
506000;1264391
506000;1285980
506000;1244372
506000;1255478
506000;1240098
506000;1246481
507000;1294504
507000;1262179
507000;1268668
507000;1239943
507000;1233784
507000;1190322
507000;1219292
507000;1249307
507000;1250995
507000;1262835
508000;1253175
508000;1185406
508000;1279230
508000;1227074
508000;1287139
508000;1244877
508000;1276790
508000;1187363
508000;1247830
508000;1266979
509000;1250791
509000;1281953
509000;1260458
509000;1277960
509000;1277569
509000;1282078
509000;1245593
509000;1281947
509000;1285399
509000;1330236
510000;1296396
510000;1274167
510000;1298050
510000;1335632
510000;1260964
510000;1285548
510000;1258204
510000;1252789
510000;1272837
510000;1282503
511000;1276089
511000;1265121
511000;1283184
511000;1243274
511000;1276253
511000;1234531
511000;1204022
511000;1271165
511000;1238881
511000;1325725
512000;1242171
512000;1263369
512000;1246066
512000;1268249
512000;1208229
512000;1318497
512000;1243414
512000;1354696
512000;1274064
512000;1230224
513000;1249926
513000;1258064
513000;1246203
513000;1300374
513000;1314524
513000;1332081
513000;1252838
513000;1236168
513000;1294842
513000;1240542
514000;1323798
514000;1261766
514000;1253099
514000;1237458
514000;1257271
514000;1251079
514000;1248344
514000;1269722
514000;1272703
514000;1249904
515000;1255705
515000;1268917
515000;1255278
515000;1287976
515000;1307586
515000;1248385
515000;1230556
515000;1321124
515000;1332496
515000;1279447
516000;1246536
516000;1311451
516000;1311231
516000;1249130
516000;1305848
516000;1270555
516000;1295667
516000;1249464
516000;1229865
516000;1294366
517000;1206456
517000;1349318
517000;1342492
517000;1340428
517000;1211562
517000;1281901
517000;1295175
517000;1324059
517000;1222411
517000;1295032
518000;1294432
518000;1314874
518000;1272603
518000;1271930
518000;1295204
518000;1331648
518000;1305619
518000;1276563
518000;1298877
518000;1334235
519000;1297737
519000;1303966
519000;1291646
519000;1307261
519000;1310927
519000;1301682
519000;1316205
519000;1270639
519000;1301018
519000;1267291
520000;1263753
520000;1298142
520000;1277020
520000;1289081
520000;1307872
520000;1283281
520000;1319141
520000;1275222
520000;1296939
520000;1326841
521000;1314158
521000;1520890
521000;1418166
521000;1366238
521000;1364416
521000;1365093
521000;1335557
521000;1368940
521000;1362207
521000;1299783
522000;1344442
522000;1304565
522000;1289721
522000;1251575
522000;1310414
522000;1323237
522000;1325175
522000;1330500
522000;1316008
522000;1326667
523000;1307334
523000;1307195
523000;1383572
523000;1252022
523000;1325038
523000;1246378
523000;1271010
523000;1282924
523000;1227095
523000;1274850
524000;1271793
524000;1225858
524000;1239555
524000;1270104
524000;1267217
524000;1270380
524000;1290148
524000;1300416
524000;1286440
524000;1293055
525000;1271682
525000;1321062
525000;1286630
525000;1249398
525000;1295867
525000;1289442
525000;1324386
525000;1306922
525000;1263279
525000;1291014
526000;1325637
526000;1311462
526000;1345842
526000;1332860
526000;1347550
526000;1291766
526000;1332364
526000;1297530
526000;1343118
526000;1298774
527000;1298008
527000;1325765
527000;1315746
527000;1350949
527000;1275316
527000;1293671
527000;1299926
527000;1304685
527000;1286404
527000;1289926
528000;1329854
528000;1301779
528000;1289704
528000;1262331
528000;1314490
528000;1294036
528000;1286993
528000;1295463
528000;1319719
528000;1302582
529000;1308803
529000;1360421
529000;1300305
529000;1328186
529000;1351132
529000;1342530
529000;1385121
529000;1322866
529000;1330217
529000;1327082
530000;1340747
530000;1317394
530000;1303053
530000;1282016
530000;1357881
530000;1295781
530000;1367465
530000;1356429
530000;1348965
530000;1338733
531000;1313273
53100;96542
53100;110036
53100;104599
53100;129630
53100;155741
53100;112305
53100;133549
53100;139142
53100;117171
53100;94734
54100;97997
54100;98518
54100;96314
54100;102599
54100;98936
54100;94490
54100;98808
54100;100607
54100;103928
54100;99269
55100;100334
55100;95835
55100;97728
55100;96739
55100;100744
55100;98338
55100;99272
55100;97535
55100;102084
55100;101792
56100;103888
56100;102974
56100;101475
56100;102270
56100;103816
56100;101893
56100;100319
56100;100208
56100;101774
56100;107226
57100;102722
57100;104371
57100;101608
57100;104403
57100;102905
57100;101404
57100;108002
57100;101974
57100;106218
57100;112865
58100;107191
58100;103429
58100;102237
58100;104827
58100;105492
58100;109044
58100;103660
58100;105562
58100;105343
58100;107272
59100;110311
59100;110200
59100;105666
59100;108720
59100;107874
59100;108323
59100;108093
59100;108711
59100;105708
59100;108742
60100;112079
60100;113290
60100;124511
60100;110909
60100;110964
60100;108721
60100;112915
60100;115612
60100;111197
60100;110089
61100;112548
61100;119451
61100;113921
61100;109970
61100;112352
61100;112274
61100;113635
61100;113518
61100;111974
61100;122501
62100;110297
62100;111464
62100;111487
62100;112264
62100;110249
62100;113878
62100;114388
62100;115854
62100;110934
62100;111648
63100;118025
63100;116336
63100;112589
63100;114109
63100;114214
63100;114844
63100;118719
63100;113708
63100;116094
63100;116764
64100;115355
64100;118304
64100;113797
64100;115322
64100;121802
64100;121707
64100;120711
64100;120629
64100;120698
64100;116149
65100;124027
65100;119524
65100;128262
65100;125517
65100;123542
65100;123400
65100;118245
65100;123851
65100;126906
65100;119903
66100;122434
66100;120800
66100;126339
66100;119294
66100;127604
66100;122922
66100;120790
66100;118957
66100;124711
66100;127343
67100;124603
67100;127430
67100;124818
67100;124912
67100;126039
67100;122416
67100;126837
